key,en,zh-CN,ja,ko
language.label,Language,语言,言語,언어
language.en,English,English,English,English
language.zhCN,Simplified Chinese,简体中文,简体中文,简体中文
language.ja,Japanese,日本語,日本語,日本語
language.ko,Korean,한국어,한국어,한국어
settings.options,Options,选项,オプション,옵션
settings.subtitle,Application preferences,应用偏好设置,アプリケーション設定,애플리케이션 환경설정
settings.close,Close options,关闭选项,オプションを閉じる,옵션 닫기
settings.sections,Option sections,选项分区,オプションセクション,옵션 섹션
settings.general,General,常规,一般,일반
settings.generalDetail,Language and workflow,语言和工作流,言語とワークフロー,언어 및 워크플로
settings.generalTitle,Studio defaults,工作室默认值,スタジオの既定値,스튜디오 기본값
settings.generalDescription,Choose the language and the default method used when a scene is built.,选择语言以及构建场景时使用的默认方法。,言語とシーン構築時の既定方式を選択します。,언어와 장면 생성 시 사용할 기본 방식을 선택합니다.
settings.languageHelp,The language is also used by the native desktop menus.,语言也会应用于桌面原生菜单。,言語はデスクトップのネイティブメニューにも使用されます。,언어는 데스크톱 기본 메뉴에도 적용됩니다.
settings.inference,Inference,推理,推論,추론
settings.inferenceDetail,Local AI and generation controls,本地 AI 和生成控制,ローカル AI と生成設定,로컬 AI 및 생성 설정
settings.inferenceTitle,Inference defaults,推理默认值,推論の既定値,추론 기본값
settings.inferenceDescription,Choose the local inpainting method and denoising budget used for generated pixels.,选择生成像素时使用的本地修复方式和去噪预算。,生成ピクセルに使用するローカルインペイント方式とノイズ除去回数を選択します。,생성 픽셀에 사용할 로컬 인페인팅 방식과 디노이징 예산을 선택합니다.
settings.segmentationDensity,Segmentation density,分割密度,セグメンテーション密度,세그먼테이션 밀도
settings.segmentationSparse,Sparse,稀疏,スパース,희소
settings.segmentationBalanced,Balanced,平衡,バランス,균형
settings.segmentationDense,Dense,密集,高密度,고밀도
settings.segmentationDensityHelp,Controls how many foreground objects are proposed. Dense finds smaller props and may create more layers.,控制提议的前景对象数量。密集模式会寻找更小的物体，并可能创建更多图层。,提案する前景オブジェクトの数を制御します。高密度では小さな小道具も検出し、レイヤーが増える場合があります。,제안할 전경 오브젝트 수를 조절합니다. 고밀도는 작은 소품을 찾아 더 많은 레이어를 만들 수 있습니다.
settings.defaultRefinement,Default background method,默认背景方法,既定の背景方式,기본 배경 방식
settings.defaultRefinementHelp,This is selected for each new scene and can still be changed before building.,每个新场景都会选择此方法，也可在构建前更改。,新しいシーンで選択されますが、構築前に変更できます。,새 장면마다 선택되며 생성 전에 변경할 수 있습니다.
settings.inpaintingSteps,Inpainting steps,修复步数,インペイントステップ数,인페인팅 단계
settings.inpaintingStepsHelp,PowerPaint uses this denoising step count; higher values take longer. Big LaMa ignores it.,PowerPaint 使用此去噪步数；数值越高耗时越长。Big LaMa 不使用此设置。,PowerPaint はこのノイズ除去回数を使用します。多いほど時間がかかります。Big LaMa では無視されます。,PowerPaint는 이 디노이징 단계 수를 사용하며 높을수록 오래 걸립니다. Big LaMa에서는 무시됩니다.
settings.appearance,Appearance,外观,外観,모양
settings.appearanceDetail,Motion and accessibility,动效和辅助功能,モーションとアクセシビリティ,모션 및 접근성
settings.appearanceTitle,Motion and accessibility,动效和辅助功能,モーションとアクセシビリティ,모션 및 접근성
settings.appearanceDescription,Control animation behavior without changing the rendered scene.,控制动画行为而不改变渲染的场景。,レンダリングされるシーンを変えずにアニメーションを制御します。,렌더링된 장면은 바꾸지 않고 애니메이션을 제어합니다.
settings.reduceMotion,Reduce motion,减少动效,モーションを減らす,모션 줄이기
settings.reduceMotionHelp,Disables the automatic camera preview and respects the system accessibility preference.,禁用自动相机预览并遵循系统辅助功能偏好。,自動カメラプレビューを無効にし、システムのアクセシビリティ設定に従います。,자동 카메라 미리보기를 끄고 시스템 접근성 설정을 따릅니다.
settings.camera,Camera,相机,カメラ,카메라
settings.cameraDetail,Defaults and motion range,默认值和运动范围,既定値とモーション範囲,기본값 및 모션 범위
settings.cameraTitle,Camera defaults,相机默认值,カメラの既定値,카메라 기본값
settings.cameraDescription,These values are used when a new scene is opened or reset.,打开或重置新场景时使用这些值。,新しいシーンを開いたときやリセットしたときに使用します。,새 장면을 열거나 초기화할 때 사용됩니다.
settings.defaultZoom,Default zoom,默认缩放,既定のズーム,기본 확대/축소
settings.defaultZoomHelp,Initial camera zoom from 1.00 to 1.35.,初始相机缩放范围为 1.00 至 1.35。,初期カメラズームは 1.00 から 1.35 です。,초기 카메라 확대/축소 범위는 1.00에서 1.35입니다.
settings.defaultStrength,Default strength,默认强度,既定の強度,기본 강도
settings.defaultStrengthHelp,Initial parallax strength from 0 to 100.,初始视差强度范围为 0 至 100。,初期パララックス強度は 0 から 100 です。,초기 패럴랙스 강도는 0에서 100입니다.
settings.motionSpeed,Preview speed,预览速度,プレビュー速度,미리보기 속도
settings.motionSpeedHelp,Speed multiplier for automatic camera motion.,自动相机运动的速度倍数。,自動カメラモーションの速度倍率。,자동 카메라 모션의 속도 배율입니다.
settings.horizontalAmount,Horizontal amount,水平幅度,水平振幅,가로 범위
settings.verticalAmount,Vertical amount,垂直幅度,垂直振幅,세로 범위
settings.advanced,Advanced,高级,詳細設定,고급
settings.advancedDetail,Technical runtime values,技术运行时值,技術的な実行時設定,기술 런타임 값
settings.advancedTitle,Runtime tuning,运行时调节,実行時の調整,런타임 조정
settings.advancedDescription,These values are persisted to the application settings file and affect local processing behavior.,这些值会保存到应用设置文件并影响本地处理行为。,これらの値はアプリケーション設定ファイルに保存され、ローカル処理に影響します。,이 값은 애플리케이션 설정 파일에 저장되며 로컬 처리 동작에 영향을 줍니다.
settings.pollInterval,Job polling interval,任务轮询间隔,ジョブのポーリング間隔,작업 폴링 간격
settings.pollIntervalHelp,Milliseconds between local worker progress checks. Lower values update sooner but use more requests.,本地工作进度检查之间的毫秒数。较低的值更新更快但请求更多。,ローカルワーカーの進捗確認間隔（ミリ秒）。短いほど更新は速くなりますがリクエストが増えます。,로컬 작업자 진행률 확인 간격(밀리초)입니다. 낮을수록 빠르게 갱신되지만 요청이 늘어납니다.
settings.advancedNoticeTitle,Use with care,请谨慎使用,注意して使用,주의해서 사용
settings.advancedNotice,Values are clamped to safe ranges and take effect immediately for new operations.,值会限制在安全范围内，并立即对新操作生效。,値は安全な範囲に制限され、新しい操作から直ちに反映されます。,값은 안전한 범위로 제한되며 새 작업부터 즉시 적용됩니다.
settings.cancel,Cancel,取消,キャンセル,취소
settings.save,Save,保存,保存,저장
settings.saving,Saving...,保存中...,保存中...,저장 중...
settings.saveFailed,Settings could not be saved.,无法保存设置。,設定を保存できませんでした。,설정을 저장할 수 없습니다.
settings.savedAutomatically,Saved to the application settings file,已保存到应用设置文件,アプリケーション設定ファイルに保存済み,애플리케이션 설정 파일에 저장됨
about.close,Close,关闭,閉じる,닫기
brand.tagline,Local depth studio,本地景深工作室,ローカル深度スタジオ,로컬 깊이 스튜디오
file.importing,Importing...,正在导入...,読み込み中...,가져오는 중...
file.importProject,Import project,导入项目,プロジェクトを読み込む,프로젝트 가져오기
file.resetProject,Reset project,重置项目,プロジェクトをリセット,프로젝트 초기화
file.packing,Packing...,正在打包...,パッケージ作成中...,패키징 중...
file.projectFile,Project file,项目文件,プロジェクトファイル,프로젝트 파일
file.projectFileInput,Choose project file,选择项目文件,プロジェクトファイルを選択,프로젝트 파일 선택
file.rendering,Rendering...,正在渲染...,レンダリング中...,렌더링 중...
file.demoVideo,Demo MP4,演示 MP4,デモ MP4,데모 MP4
file.saving,Saving...,正在保存...,保存中...,저장 중...
file.png,PNG,PNG,PNG,PNG
engine.localAI,Local AI,本地 AI,ローカル AI,로컬 AI
engine.preview,Preview engine,预览引擎,プレビューエンジン,미리보기 엔진
source.title,Source,源图像,ソース,소스
source.headlineFirst,One image.,一张图像。,1 枚の画像から、,이미지 한 장으로
source.headlineSecond,A scene with depth.,一个有深度场景。,奥行きのあるシーンへ。,깊이 있는 장면을 만듭니다.
source.description,"Separate objects, rebuild what sits behind them, then direct a virtual camera.",分离对象，重建被遮挡的区域，再通过虚拟相机进行构图。,オブジェクトを分離し、隠れた部分を再構築して、仮想カメラで演出します。,오브젝트를 분리하고 가려진 부분을 재구성한 뒤 가상 카메라로 연출합니다.
source.openImage,Open image,打开图像,画像を開く,이미지 열기
source.imageFileInput,Choose image file,选择图像文件,画像ファイルを選択,이미지 파일 선택
source.sample,Use sample scene,使用示例场景,サンプルシーンを使用,샘플 장면 사용
pipeline.title,Pipeline,流程,処理フロー,작업 흐름
pipeline.import,Import image,导入图像,画像を読み込む,이미지 가져오기
pipeline.segment,Segment objects,分割对象,オブジェクトを分割,오브젝트 분할
pipeline.refine,Refine + confirm,优化并确认,調整して確定,다듬기 및 확인
pipeline.build,Build scene,构建场景,シーンを構築,장면 구성
privacy.title,Local only,仅本地处理,ローカル処理のみ,로컬 전용
privacy.detail,No image upload or cloud inference,不会上传图像，也不使用云端推理,画像のアップロードやクラウド推論は行いません,이미지 업로드 및 클라우드 추론 없음
processing.local,Local processing,本地处理中,ローカル処理中,로컬 처리 중
processing.cancel,Cancel processing,取消处理,処理をキャンセル,처리 취소
processing.cancelling,Cancelling...,正在取消...,キャンセル中...,취소 중...
processing.cancelled,Processing cancelled,处理已取消,処理をキャンセルしました,처리가 취소되었습니다
composition.title,Composition,合成画面,コンポジション,컴포지션
phase.waiting,Waiting for image,等待图像,画像を待機中,이미지 대기 중
phase.segmenting,Segmenting rough object masks,正在分割粗略对象蒙版,オブジェクトのラフマスクを分割中,오브젝트 러프 마스크 분할 중
phase.reviewing,Review and confirm masks,检查并确认蒙版,マスクを確認して確定,마스크 검토 및 확인
phase.inpainting,Running local inpaint,正在本地修补,ローカルでインペイント中,로컬 인페인팅 실행 중
phase.ready,Scene ready,场景已就绪,シーンの準備完了,장면 준비 완료
phase.retouchReady,Retouch mask ready to rebuild,修补蒙版已准备好，可重新构建,レタッチマスクの再構築準備完了,리터치 마스크 재구성 준비 완료
mask.controls,Mask brush controls,蒙版画笔控件,マスクブラシのコントロール,마스크 브러시 컨트롤
mask.brush,Mask brush,蒙版画笔,マスクブラシ,마스크 브러시
mask.inpaintHelp,Paint pixels to fully regenerate using the entire composition as context.,以完整合成画面为上下文，涂抹要完全重新生成的像素。,コンポジション全体を参照し、完全に再生成するピクセルを塗ります。,전체 컴포지션을 컨텍스트로 사용하여 완전히 재생성할 픽셀을 칠합니다.
mask.extraRetouchHelp,Paint anything else that should be regenerated on the background plate.,涂抹背景底图中还需要重新生成的其他区域。,背景プレートで追加生成する領域を塗ります。,배경 플레이트에서 추가로 재생성할 영역을 칠합니다.
mask.extraHelp,Expands the background inpaint area.,扩大背景修补区域。,背景のインペイント領域を広げます。,배경 인페인트 영역을 확장합니다.
mask.layerHelp,Updates this foreground cutout.,更新此前景剪切图。,この前景カットアウトを更新します。,이 전경 컷아웃을 업데이트합니다.
mask.extraAreaName,Extra inpaint area,额外修补区域,追加インペイント領域,추가 인페인트 영역
mask.inpaintAreaName,{{name}} inpaint area,{{name}} 修补区域,{{name}} のインペイント領域,{{name}} 인페인트 영역
mask.brushMode,Brush mode,画笔模式,ブラシモード,브러시 모드
mask.add,Add,添加,追加,추가
mask.erase,Erase,擦除,消去,지우기
mask.size,Size,大小,サイズ,크기
mask.edgeBlur,Edge blur,边缘模糊,境界ぼかし,가장자리 흐림
mask.history,Brush history,画笔历史,ブラシ履歴,브러시 기록
mask.undo,Undo,撤销,元に戻す,실행 취소
mask.redo,Redo,重做,やり直す,다시 실행
mask.undoTitle,Undo brush stroke (Ctrl+Z),撤销画笔操作 (Ctrl+Z),ブラシ操作を元に戻す (Ctrl+Z),브러시 작업 실행 취소 (Ctrl+Z)
mask.redoTitle,Redo brush stroke (Ctrl+Shift+Z or Ctrl+Y),重做画笔操作 (Ctrl+Shift+Z 或 Ctrl+Y),ブラシ操作をやり直す (Ctrl+Shift+Z または Ctrl+Y),브러시 작업 다시 실행 (Ctrl+Shift+Z 또는 Ctrl+Y)
mask.reset,Reset,重置,リセット,초기화
mask.cancel,Cancel,取消,キャンセル,취소
mask.applyRefine,Apply + refine,应用并优化,適用して調整,적용 후 다듬기
mask.refine,Refine,优化,調整,다듬기
mask.starting,Starting...,正在启动...,開始中...,시작 중...
mask.inpaintLayer,Inpaint layer,修补图层,レイヤーをインペイント,레이어 인페인트
mask.applying,Saving...,正在保存...,保存中...,저장 중...
mask.apply,Apply mask,应用蒙版,マスクを適用,마스크 적용
empty.analyzing,Analyzing image,正在分析图像,画像を解析中,이미지 분석 중
empty.drop,Drop an image to begin,拖入图像以开始,画像をドロップして開始,이미지를 놓아 시작
empty.analyzingDetail,The local engine is building layer proposals.,本地引擎正在生成图层建议。,ローカルエンジンがレイヤー候補を作成しています。,로컬 엔진이 레이어 제안을 만들고 있습니다.
empty.formats,"PNG, JPEG or WebP - up to 40 MB",PNG、JPEG 或 WebP，最大 40 MB,PNG、JPEG、WebP（最大 40 MB）,"PNG, JPEG 또는 WebP, 최대 40 MB"
build.title,Build background plate,构建背景底图,背景プレートを構築,배경 플레이트 구성
build.extraArea,Extra inpaint area,额外修补区域,追加インペイント領域,추가 인페인트 영역
build.extraAreaHelp,Brush additional background pixels to regenerate.,涂抹还要重新生成的背景像素。,追加生成する背景ピクセルを塗ります。,추가로 재생성할 배경 픽셀을 칠합니다.
build.editArea,Edit area,编辑区域,領域を編集,영역 편집
build.addArea,Add area,添加区域,領域を追加,영역 추가
build.inpainter,Local inpainter,本地修补器,ローカルインペインター,로컬 인페인터
build.lama,Big LaMa - structural fill,Big LaMa - 结构填充,Big LaMa - 構造補完,Big LaMa - 구조 채우기
build.powerpaint,PowerPaint - advanced full redraw,PowerPaint - 高级完整重绘,PowerPaint - 高度な全面再描画,PowerPaint - 고급 전체 다시 그리기
build.fullRedrawNote,Full redraw / denoise 1.00. Original masked pixels are discarded.,完整重绘 / 去噪 1.00。原蒙版内的像素将被丢弃。,全面再描画 / ノイズ除去 1.00。マスク内の元ピクセルは破棄されます。,전체 다시 그리기 / 노이즈 제거 1.00. 마스크 안의 원본 픽셀은 삭제됩니다.
build.backgroundPrompt,Background prompt (optional),背景提示词（可选）,背景プロンプト（任意）,배경 프롬프트(선택 사항)
build.backgroundPromptPlaceholder,Blank uses local Qwen3-VL,留空则使用本地 Qwen3-VL,空欄の場合はローカル Qwen3-VL を使用,비워 두면 로컬 Qwen3-VL 사용
build.fullRedrawUnavailable,Full redraw unavailable: {{detail}}. Relaunch the one-click setup to resume the checkpoint download.,完整重绘不可用：{{detail}}。请重新运行一键安装以继续下载检查点。,全面再描画を使用できません：{{detail}}。ワンクリックセットアップを再実行してチェックポイントのダウンロードを再開してください。,전체 다시 그리기를 사용할 수 없습니다: {{detail}}. 원클릭 설치를 다시 실행하여 체크포인트 다운로드를 계속하세요.
build.inpaintingLocally,Inpainting locally,正在本地修补,ローカルでインペイント中,로컬 인페인팅 중
build.localDetail,The source and masks stay on this machine.,源图像和蒙版始终保留在此设备上。,ソースとマスクはこのマシン内に保持されます。,소스와 마스크는 이 컴퓨터에만 유지됩니다.
build.layerInpaint,Layer inpaint,图层修补,レイヤーインペイント,레이어 인페인트
build.layerInpaintHelp,"Select Inpaint on Background or any foreground layer, then paint over the full composition.",在背景或任一前景图层上选择“修补”，然后在完整合成画面上涂抹。,背景または前景レイヤーで「インペイント」を選び、コンポジション全体の上を塗ります。,배경 또는 전경 레이어에서 인페인트를 선택한 다음 전체 컴포지션 위에 칠합니다.
build.layerFullRedrawNote,PowerPaint full redraw / denoise 1.00. Every painted source pixel is discarded.,PowerPaint 完整重绘 / 去噪 1.00。所有涂抹过的源像素都将被丢弃。,PowerPaint 全面再描画 / ノイズ除去 1.00。塗った元ピクセルはすべて破棄されます。,PowerPaint 전체 다시 그리기 / 노이즈 제거 1.00. 칠한 모든 원본 픽셀은 삭제됩니다.
build.focusedLayer,Focused layer: {{name}},当前图层：{{name}},対象レイヤー：{{name}},대상 레이어: {{name}}
build.selectLayer,Select a scene layer,选择场景图层,シーンレイヤーを選択,장면 레이어 선택
build.undoTitle,Undo this layer's last completed inpaint (Ctrl+Z),撤销此图层上一次完成的修补 (Ctrl+Z),このレイヤーで最後に完了したインペイントを元に戻す (Ctrl+Z),이 레이어에서 마지막으로 완료한 인페인트 실행 취소 (Ctrl+Z)
build.redoTitle,Redo this layer's completed inpaint (Ctrl+Y or Ctrl+Shift+Z),重做此图层已完成的修补 (Ctrl+Y 或 Ctrl+Shift+Z),このレイヤーで完了したインペイントをやり直す (Ctrl+Y または Ctrl+Shift+Z),이 레이어에서 완료한 인페인트 다시 실행 (Ctrl+Y 또는 Ctrl+Shift+Z)
build.undoing,Undoing...,正在撤销...,元に戻しています...,실행 취소 중...
build.undoInpaint,Undo inpaint,撤销修补,インペイントを元に戻す,인페인트 실행 취소
build.redoing,Redoing...,正在重做...,やり直しています...,다시 실행 중...
build.redoInpaint,Redo inpaint,重做修补,インペイントをやり直す,인페인트 다시 실행
build.inpaintPrompt,Inpaint prompt,修补提示词,インペイントプロンプト,인페인트 프롬프트
build.inpaintPromptPlaceholder,Blank continues the surrounding composition,留空则延续周围画面,空欄の場合は周囲の構図を継続,비워 두면 주변 구도를 이어서 생성
build.rebuildHidden,Rebuild hidden background,重建隐藏背景,隠れた背景を再構築,가려진 배경 재구성
build.rebuildHiddenHelp,Use confirmed object masks plus an optional extra hole mask.,使用已确认的对象蒙版和可选的额外孔洞蒙版。,確定済みオブジェクトマスクと、任意の追加ホールマスクを使用します。,확인된 오브젝트 마스크와 선택적 추가 홀 마스크를 사용합니다.
build.editHole,Edit hole mask,编辑孔洞蒙版,ホールマスクを編集,홀 마스크 편집
build.addHole,Add hole mask,添加孔洞蒙版,ホールマスクを追加,홀 마스크 추가
build.layerUnavailable,Layer inpainting unavailable: {{detail}}.,图层修补不可用：{{detail}}。,レイヤーインペイントを使用できません：{{detail}}。,레이어 인페인팅을 사용할 수 없습니다: {{detail}}.
build.confirmMasks_one,Confirm 1 mask,确认 1 个蒙版,1 個のマスクを確定,마스크 1개 확인
build.confirmMasks_other,Confirm {{count}} masks,确认 {{count}} 个蒙版,{{count}} 個のマスクを確定,마스크 {{count}}개 확인
build.rebuildBackground,Rebuild background,重新构建背景,背景を再構築,배경 재구성
build.inpaintHoles,Inpaint holes,修补孔洞,穴をインペイント,홀 인페인트
inspector.title,Layer inspector,图层检查器,レイヤーインスペクター,레이어 인스펙터
inspector.emptyTitle,Objects appear here,对象将在此处显示,オブジェクトはここに表示されます,오브젝트가 여기에 표시됩니다
inspector.emptyDetail,"After analysis, choose foreground cutouts and tune their depth.",分析完成后，选择前景剪切图并调整其深度。,解析後に前景カットアウトを選択し、奥行きを調整します。,분석 후 전경 컷아웃을 선택하고 깊이를 조정하세요.
layers.proposals,Proposals,建议,候補,제안
layers.sceneStack,Scene stack,场景堆栈,シーンスタック,장면 스택
layers.foregroundCount_one,1 foreground layer,1 个前景图层,前景レイヤー 1 個,전경 레이어 1개
layers.foregroundCount_other,{{count}} foreground layers,{{count}} 个前景图层,前景レイヤー {{count}} 個,전경 레이어 {{count}}개
layers.onCount,{{count}} on,已启用 {{count}} 个,{{count}} 個オン,{{count}}개 켜짐
layers.selectingHelp,"Edit rough proposals, optionally refine their alpha, then confirm every enabled foreground mask.",编辑粗略建议，可选择优化透明度，然后确认每个已启用的前景蒙版。,ラフ候補を編集し、必要に応じてアルファを調整してから、有効な前景マスクをすべて確定します。,러프 제안을 편집하고 필요하면 알파를 다듬은 뒤 활성화된 모든 전경 마스크를 확인하세요.
layers.editingHelp,Near layers move farther. Hide or tune each cutout without rerunning AI.,较近的图层移动幅度更大。无需重新运行 AI 即可隐藏或调整各剪切图。,近いレイヤーほど大きく動きます。AI を再実行せずに各カットアウトを非表示または調整できます。,가까운 레이어가 더 크게 움직입니다. AI를 다시 실행하지 않고 각 컷아웃을 숨기거나 조정할 수 있습니다.
layers.background,Background,背景,背景,배경
layers.foregroundGeneric,Foreground layer,前景图层,前景レイヤー,전경 레이어
layers.backgroundDetail,Background plate / 0 depth,背景底图 / 深度 0,背景プレート / 深度 0,배경 플레이트 / 깊이 0
layers.sceneLayer,Scene layer,场景图层,シーンレイヤー,장면 레이어
layers.paintBackgroundTitle,Paint an area to fully redraw on the background,涂抹要在背景上完全重绘的区域,背景で全面再描画する領域を塗る,배경에서 완전히 다시 그릴 영역 칠하기
layers.powerpaintRequired,Layer inpainting requires local PowerPaint,图层修补需要本地 PowerPaint,レイヤーインペイントにはローカル PowerPaint が必要です,레이어 인페인팅에는 로컬 PowerPaint가 필요합니다
layers.painting,Painting,正在涂抹,描画中,칠하는 중
layers.inpaint,Inpaint,修补,インペイント,인페인트
layers.disable,Disable {{name}},禁用 {{name}},{{name}} を無効化,{{name}} 비활성화
layers.enable,Enable {{name}},启用 {{name}},{{name}} を有効化,{{name}} 활성화
layers.on,ON,开,ON,켜짐
layers.off,OFF,关,OFF,꺼짐
layers.depthPlane,Depth plane,深度平面,深度プレーン,깊이 평면
layers.depth,{{value}} depth,深度 {{value}},深度 {{value}},깊이 {{value}}
layers.confirmed,Confirmed,已确认,確定済み,확인됨
layers.refined,Refined,已优化,調整済み,다듬어짐
layers.rough,Rough,粗略,ラフ,러프
layers.depthLabel,{{name}} depth,{{name}} 深度,{{name}} の深度,{{name}} 깊이
layers.paintLayerTitle,Paint an area to fully redraw on {{name}},涂抹要在 {{name}} 上完全重绘的区域,{{name}} で全面再描画する領域を塗る,{{name}}에서 완전히 다시 그릴 영역 칠하기
layers.editing,Editing,正在编辑,編集中,편집 중
layers.edit,Edit,编辑,編集,편집
layers.refineTitle,Refine this rough mask with local mask-guided processing,使用本地蒙版引导处理来优化此粗略蒙版,ローカルのマスクガイド処理でこのラフマスクを調整,로컬 마스크 유도 처리로 이 러프 마스크 다듬기
layers.refineRequiresAI,Refine requires the Local AI engine,优化需要本地 AI 引擎,調整にはローカル AI エンジンが必要です,다듬기에는 로컬 AI 엔진이 필요합니다
layers.refining,Refining...,正在优化...,調整中...,다듬는 중...
layers.undoRefineTitle,Undo this layer's last refinement (Ctrl+Z),撤销此图层上一次优化 (Ctrl+Z),このレイヤーの最後の調整を元に戻す (Ctrl+Z),이 레이어의 마지막 다듬기 실행 취소 (Ctrl+Z)
layers.redoRefineTitle,Redo this layer's refinement (Ctrl+Y or Ctrl+Shift+Z),重做此图层的优化 (Ctrl+Y 或 Ctrl+Shift+Z),このレイヤーの調整をやり直す (Ctrl+Y または Ctrl+Shift+Z),이 레이어의 다듬기 다시 실행 (Ctrl+Y 또는 Ctrl+Shift+Z)
layers.undoing,Undoing...,正在撤销...,元に戻しています...,실행 취소 중...
layers.undoRefine,Undo refine,撤销优化,調整を元に戻す,다듬기 실행 취소
layers.redoing,Redoing...,正在重做...,やり直しています...,다시 실행 중...
layers.redoRefine,Redo refine,重做优化,調整をやり直す,다듬기 다시 실행
layers.confirming,Confirming...,正在确认...,確定中...,확인 중...
layers.confirm,Confirm,确认,確定,확인
camera.controls,Camera controls,相机控件,カメラコントロール,카메라 컨트롤
camera.title,Camera,相机,カメラ,카메라
camera.rig,Parallax rig,视差相机架,パララックスリグ,패럴랙스 리그
camera.reset,Reset,重置,リセット,초기화
camera.horizontal,Horizontal,水平,水平,수평
camera.vertical,Vertical,垂直,垂直,수직
camera.zoom,Zoom,缩放,ズーム,확대/축소
camera.strength,Strength,强度,強度,강도
camera.stop,Stop motion,停止运动,モーション停止,모션 중지
camera.preview,Preview motion,预览运动,モーションをプレビュー,모션 미리보기
scene.fullComposition,Full composition,完整合成画面,コンポジション全体,전체 컴포지션
scene.backgroundPlate,Background plate,背景底图,背景プレート,배경 플레이트
scene.originalImage,Original image,原始图像,元画像,원본 이미지
scene.maskEditorLabel,{{surface}} under {{name}} mask editor.,{{surface}}，上方为 {{name}} 蒙版编辑器。,{{surface}}上の {{name}} マスクエディター。,{{surface}} 위의 {{name}} 마스크 편집기.
scene.originalPreviewLabel,Original image stereo preview. Drag to test layer depth.,原始图像立体预览。拖动以测试图层深度。,元画像のステレオプレビュー。ドラッグしてレイヤー深度を確認します。,원본 이미지 스테레오 미리보기. 드래그하여 레이어 깊이를 테스트하세요.
scene.parallaxPreviewLabel,Parallax scene preview. Drag to move the camera.,视差场景预览。拖动以移动相机。,パララックスシーンのプレビュー。ドラッグしてカメラを動かします。,패럴랙스 장면 미리보기. 드래그하여 카메라를 이동하세요.
scene.processingPreviewLabel,Scene processing preview.,场景处理预览。,シーン処理プレビュー。,장면 처리 미리보기.
scene.loading,Loading layers...,正在加载图层...,レイヤーを読み込み中...,레이어 불러오는 중...
scene.addTo,Add to {{name}},添加到 {{name}},{{name}} に追加,{{name}}에 추가
scene.eraseFrom,Erase from {{name}},从 {{name}} 擦除,{{name}} から消去,{{name}}에서 지우기
scene.reviewHint,Drag to preview depth - hover the build action to preview the mask,拖动以预览深度，将鼠标悬停在构建操作上可预览蒙版,ドラッグして深度をプレビュー - 構築ボタンに合わせるとマスクをプレビュー,드래그하여 깊이 미리보기 - 구성 작업 위에 마우스를 올려 마스크 미리보기
scene.dragHint,Drag image to move camera,拖动图像以移动相机,画像をドラッグしてカメラを移動,이미지를 드래그하여 카메라 이동
scene.building,Building the background plate,正在构建背景底图,背景プレートを構築中,배경 플레이트 구성 중
scene.brushEditor,Brush editor for {{name}},{{name}} 的画笔编辑器,{{name}} のブラシエディター,{{name}} 브러시 편집기
layerName.object,Object {{number}},对象 {{number}},オブジェクト {{number}},오브젝트 {{number}}
layerName.depthPlane,Foreground depth plane,前景深度平面,前景深度プレーン,전경 깊이 평면
runtime.queued,Queued,已排队,待機中,대기 중
runtime.starting,Starting,正在启动,開始中,시작 중
runtime.complete,Complete,完成,完了,완료
runtime.failed,Failed,失败,失敗,실패
runtime.preparingImage,Preparing image,正在准备图像,画像を準備中,이미지 준비 중
runtime.segmentingObjects,Segmenting objects,正在分割对象,オブジェクトを分割中,오브젝트 분할 중
runtime.buildingLayers,Building layers,正在构建图层,レイヤーを構築中,레이어 구성 중
runtime.joiningMasks,Joining masks,正在合并蒙版,マスクを結合中,마스크 결합 중
runtime.rebuildingBackground,Rebuilding background,正在重建背景,背景を再構築中,배경 재구성 중
runtime.estimatingDepth,Estimating depth,正在估算深度,深度を推定中,깊이 추정 중
runtime.preparingRefinement,Preparing refinement,正在准备优化,調整を準備中,다듬기 준비 중
runtime.refiningMask,Refining mask,正在优化蒙版,マスクを調整中,마스크 다듬는 중
runtime.savingRefinedMask,Saving refined mask,正在保存优化后的蒙版,調整済みマスクを保存中,다듬은 마스크 저장 중
runtime.describingBackground,Describing background,正在描述背景,背景を記述中,배경 설명 중
runtime.loadingPowerPaint,Loading PowerPaint,正在加载 PowerPaint,PowerPaint を読み込み中,PowerPaint 불러오는 중
runtime.redrawingBackground,Redrawing background,正在重绘背景,背景を再描画中,배경 다시 그리는 중
runtime.finalizingPlate,Finalizing plate,正在完成底图,プレートを仕上げ中,플레이트 마무리 중
runtime.preparingLayerInpaint,Preparing layer inpaint,正在准备图层修补,レイヤーインペイントを準備中,레이어 인페인트 준비 중
runtime.inpaintingLayer,Inpainting layer,正在修补图层,レイヤーをインペイント中,레이어 인페인팅 중
runtime.preparingAI,Preparing the local AI job.,正在准备本地 AI 任务。,ローカル AI ジョブを準備しています。,로컬 AI 작업을 준비하고 있습니다.
runtime.preparingInpaint,Preparing the local inpainting job.,正在准备本地修补任务。,ローカルインペイントジョブを準備しています。,로컬 인페인트 작업을 준비하고 있습니다.
runtime.waitingWorker,Waiting for the local AI worker.,正在等待本地 AI 工作线程。,ローカル AI ワーカーを待機しています。,로컬 AI 작업자를 기다리고 있습니다.
runtime.startingWorker,Starting the local AI worker.,正在启动本地 AI 工作线程。,ローカル AI ワーカーを開始しています。,로컬 AI 작업자를 시작하고 있습니다.
runtime.finished,Local processing finished.,本地处理已完成。,ローカル処理が完了しました。,로컬 처리가 완료되었습니다.
runtime.normalizing,Normalizing orientation and color.,正在标准化方向和颜色。,向きと色を正規化しています。,방향과 색상을 정규화하고 있습니다.
runtime.findingRegions,Finding distinct foreground regions.,正在查找不同的前景区域。,個別の前景領域を検出しています。,서로 다른 전경 영역을 찾고 있습니다.
runtime.creatingLayers,Creating {{count}} editable object layers.,正在创建 {{count}} 个可编辑对象图层。,編集可能なオブジェクトレイヤーを {{count}} 個作成しています。,편집 가능한 오브젝트 레이어 {{count}}개를 만들고 있습니다.
runtime.combiningMattes,Combining the selected foreground mattes.,正在合并所选前景遮片。,選択した前景マットを結合しています。,선택한 전경 매트를 결합하고 있습니다.
runtime.synthesizingPlate,Synthesizing the hidden background plate.,正在合成隐藏的背景底图。,隠れた背景プレートを合成しています。,가려진 배경 플레이트를 합성하고 있습니다.
runtime.findingObjects,Grounding DINO-T and SAM 2.1 are finding individual objects.,Grounding DINO-T 和 SAM 2.1 正在查找各个对象。,Grounding DINO-T と SAM 2.1 が個別のオブジェクトを検出しています。,Grounding DINO-T와 SAM 2.1이 개별 오브젝트를 찾고 있습니다.
runtime.mappingDepth,Depth Anything 3 is mapping near and distant regions.,Depth Anything 3 正在映射远近区域。,Depth Anything 3 が近距離と遠距離の領域をマッピングしています。,Depth Anything 3가 가까운 영역과 먼 영역을 매핑하고 있습니다.
runtime.preparingCutouts,Preparing depth ordering and transparent cutouts.,正在准备深度顺序和透明剪切图。,深度順序と透明カットアウトを準備しています。,깊이 순서와 투명 컷아웃을 준비하고 있습니다.
runtime.savingLayer,Saving layer {{current}} of {{total}}.,正在保存第 {{current}} 个图层，共 {{total}} 个。,レイヤー {{current}} / {{total}} を保存しています。,레이어 {{current}} / {{total}} 저장 중.
runtime.croppingLayer,Cropping the original image around {{name}}.,正在围绕 {{name}} 裁剪原始图像。,{{name}} の周囲で元画像を切り抜いています。,{{name}} 주변의 원본 이미지를 자르고 있습니다.
runtime.refiningEdges,InSPyReNet is removing the local background and resolving soft edges.,InSPyReNet 正在移除局部背景并处理柔和边缘。,InSPyReNet が局所背景を除去し、柔らかな境界を処理しています。,InSPyReNet이 로컬 배경을 제거하고 부드러운 가장자리를 처리하고 있습니다.
runtime.aligningMask,Local mask-guided segmentation is aligning this foreground layer to image edges.,本地蒙版引导分割正在将此前景图层与图像边缘对齐。,ローカルのマスクガイド分割がこの前景レイヤーを画像境界に合わせています。,로컬 마스크 유도 분할이 이 전경 레이어를 이미지 가장자리에 맞추고 있습니다.
runtime.updatingLayer,Updating this layer's alpha and foreground cutout.,正在更新此图层的透明度和前景剪切图。,このレイヤーのアルファと前景カットアウトを更新しています。,이 레이어의 알파와 전경 컷아웃을 업데이트하고 있습니다.
runtime.combiningInpaintMask,Combining selected objects into the inpainting mask.,正在将所选对象合并到修补蒙版中。,選択したオブジェクトをインペイントマスクに結合しています。,선택한 오브젝트를 인페인팅 마스크로 결합하고 있습니다.
runtime.creatingPrompt,Qwen3-VL is creating a local background prompt.,Qwen3-VL 正在创建本地背景提示词。,Qwen3-VL がローカル背景プロンプトを作成しています。,Qwen3-VL이 로컬 배경 프롬프트를 만들고 있습니다.
runtime.loadingCheckpoints,Loading local checkpoints and preparing CPU/GPU offload before the first denoising step.,正在加载本地检查点，并在首次去噪前准备 CPU/GPU 卸载。,ローカルチェックポイントを読み込み、最初のノイズ除去前に CPU/GPU オフロードを準備しています。,로컬 체크포인트를 불러오고 첫 노이즈 제거 전에 CPU/GPU 오프로딩을 준비하고 있습니다.
runtime.denoisingStep,PowerPaint denoising step {{current}} of {{total}}.,PowerPaint 去噪步骤 {{current}} / {{total}}。,PowerPaint ノイズ除去ステップ {{current}} / {{total}}。,PowerPaint 노이즈 제거 단계 {{current}} / {{total}}.
runtime.lamaFilling,Big LaMa is filling the masked structure.,Big LaMa 正在填充蒙版结构。,Big LaMa がマスクされた構造を補完しています。,Big LaMa가 마스크 처리된 구조를 채우고 있습니다.
runtime.savingPlate,Saving the rebuilt background and scene metadata.,正在保存重建的背景和场景元数据。,再構築した背景とシーンメタデータを保存しています。,재구성한 배경과 장면 메타데이터를 저장하고 있습니다.
runtime.layerContext,Using the full composition as context for {{name}}.,正在以完整合成画面作为 {{name}} 的上下文。,コンポジション全体を {{name}} の参照として使用しています。,전체 컴포지션을 {{name}}의 컨텍스트로 사용하고 있습니다.
runtime.fullRedrawStep,PowerPaint full-redraw step {{current}} of {{total}} for {{name}}.,正在对 {{name}} 执行 PowerPaint 完整重绘步骤 {{current}} / {{total}}。,{{name}} の PowerPaint 全面再描画ステップ {{current}} / {{total}}。,{{name}}의 PowerPaint 전체 다시 그리기 단계 {{current}} / {{total}}.
runtime.preparingLayer,Preparing {{name}} for local refinement.,正在准备对 {{name}} 进行本地优化。,{{name}} のローカル調整を準備しています。,{{name}}의 로컬 다듬기를 준비하고 있습니다.
runtime.preparingTarget,Preparing {{name}} for full-redraw inpainting.,正在准备对 {{name}} 进行完整重绘修补。,{{name}} の全面再描画インペイントを準備しています。,{{name}}의 전체 다시 그리기 인페인팅을 준비하고 있습니다.
runtime.optionalPowerpaintWeights,Optional PowerPaint v2.1 weights are incomplete or not installed,可选的 PowerPaint v2.1 权重不完整或尚未安装,任意の PowerPaint v2.1 ウェイトが不完全か、インストールされていません,선택적 PowerPaint v2.1 가중치가 불완전하거나 설치되지 않았습니다
runtime.optionalPowerpaintRuntime,Optional PowerPaint v2.1 runtime is not installed,可选的 PowerPaint v2.1 运行时尚未安装,任意の PowerPaint v2.1 ランタイムがインストールされていません,선택적 PowerPaint v2.1 런타임이 설치되지 않았습니다
runtime.powerpaintInstalled,PowerPaint v2.1 full-redraw runtime installed,PowerPaint v2.1 完整重绘运行时已安装,PowerPaint v2.1 全面再描画ランタイムはインストール済みです,PowerPaint v2.1 전체 다시 그리기 런타임이 설치되어 있습니다
runtime.optionalQwenWeights,Optional Qwen3-VL weights are incomplete or not installed,可选的 Qwen3-VL 权重不完整或尚未安装,任意の Qwen3-VL ウェイトが不完全か、インストールされていません,선택적 Qwen3-VL 가중치가 불완전하거나 설치되지 않았습니다
error.serviceUnavailable,The local vision service is unavailable.,本地视觉服务不可用。,ローカルビジョンサービスを利用できません。,로컬 비전 서비스를 사용할 수 없습니다.
error.analysisFailed,Image analysis failed.,图像分析失败。,画像の解析に失敗しました。,이미지 분석에 실패했습니다.
error.finishMaskOperation,Finish the active mask edit or refinement before inpainting.,请先完成当前蒙版编辑或优化，再进行修补。,インペイントする前に、実行中のマスク編集または調整を完了してください。,인페인팅 전에 진행 중인 마스크 편집 또는 다듬기를 완료하세요.
error.selectForeground,Select at least one foreground object before building the scene.,构建场景前请至少选择一个前景对象。,シーンを構築する前に、前景オブジェクトを 1 つ以上選択してください。,장면을 구성하기 전에 전경 오브젝트를 하나 이상 선택하세요.
error.confirmSelected,Confirm every selected mask before inpainting: {{names}}.,修补前请确认所有已选蒙版：{{names}}。,インペイントする前に、選択したすべてのマスクを確定してください：{{names}}。,인페인팅 전에 선택한 모든 마스크를 확인하세요: {{names}}.
error.promptRequired,Enter a background prompt or finish installing Qwen3-VL before using PowerPaint full redraw.,使用 PowerPaint 完整重绘前，请输入背景提示词或完成 Qwen3-VL 安装。,PowerPaint の全面再描画を使用する前に、背景プロンプトを入力するか Qwen3-VL のインストールを完了してください。,PowerPaint 전체 다시 그리기를 사용하기 전에 배경 프롬프트를 입력하거나 Qwen3-VL 설치를 완료하세요.
error.backgroundInpaintFailed,Background inpainting failed.,背景修补失败。,背景のインペイントに失敗しました。,배경 인페인팅에 실패했습니다.
error.layerMissing,The selected scene layer no longer exists.,所选场景图层已不存在。,選択したシーンレイヤーは存在しません。,선택한 장면 레이어가 더 이상 존재하지 않습니다.
error.powerpaintRequired,Layer inpainting requires the local PowerPaint full-redraw model.,图层修补需要本地 PowerPaint 完整重绘模型。,レイヤーインペイントにはローカル PowerPaint 全面再描画モデルが必要です。,레이어 인페인팅에는 로컬 PowerPaint 전체 다시 그리기 모델이 필요합니다.
error.refineRequiresAI,Refine requires the Local AI engine and InSPyReNet.,优化需要本地 AI 引擎和 InSPyReNet。,調整にはローカル AI エンジンと InSPyReNet が必要です。,다듬기에는 로컬 AI 엔진과 InSPyReNet이 필요합니다.
error.refineFailed,The selected mask could not be refined.,无法优化所选蒙版。,選択したマスクを調整できませんでした。,선택한 마스크를 다듬지 못했습니다.
error.confirmFailed,The selected mask could not be confirmed.,无法确认所选蒙版。,選択したマスクを確定できませんでした。,선택한 마스크를 확인하지 못했습니다.
error.saveMaskFailed,The edited mask could not be saved.,无法保存编辑后的蒙版。,編集したマスクを保存できませんでした。,편집한 마스크를 저장하지 못했습니다.
error.paintFirst,Paint an area before inpainting this layer.,请先涂抹区域，再修补此图层。,このレイヤーをインペイントする前に領域を塗ってください。,이 레이어를 인페인팅하기 전에 영역을 칠하세요.
error.layerInpaintFailed,The selected layer could not be inpainted.,无法修补所选图层。,選択したレイヤーをインペイントできませんでした。,선택한 레이어를 인페인팅하지 못했습니다.
error.undoInpaintFailed,The layer inpaint could not be undone.,无法撤销图层修补。,レイヤーのインペイントを元に戻せませんでした。,레이어 인페인트를 실행 취소하지 못했습니다.
error.redoInpaintFailed,The layer inpaint could not be redone.,无法重做图层修补。,レイヤーのインペイントをやり直せませんでした。,레이어 인페인트를 다시 실행하지 못했습니다.
error.fileOperationFailed,The file operation failed.,文件操作失败。,ファイル操作に失敗しました。,파일 작업에 실패했습니다.
error.canvasNotReady,The scene canvas is not ready.,场景画布尚未就绪。,シーンキャンバスの準備ができていません。,장면 캔버스가 준비되지 않았습니다.
error.confirmReset,Discard the current editor state and return to the image upload screen?,要放弃当前编辑状态并返回图像上传界面吗？,現在の編集状態を破棄して画像アップロード画面に戻りますか？,현재 편집 상태를 버리고 이미지 업로드 화면으로 돌아가시겠습니까?
error.loadAsset,Could not load {{source}},无法加载 {{source}},{{source}} を読み込めませんでした,{{source}}을(를) 불러오지 못했습니다
error.loadAssets,Could not load scene assets.,无法加载场景资源。,シーンアセットを読み込めませんでした。,장면 에셋을 불러오지 못했습니다.
error.videoUnsupported,This runtime cannot encode demo video.,此运行环境无法编码演示视频。,このランタイムではデモ動画をエンコードできません。,이 런타임에서는 데모 동영상을 인코딩할 수 없습니다.
error.videoFormatUnsupported,This runtime has no supported MP4 or WebM encoder.,此运行环境没有受支持的 MP4 或 WebM 编码器。,このランタイムには対応する MP4 または WebM エンコーダーがありません。,이 런타임에는 지원되는 MP4 또는 WebM 인코더가 없습니다.
error.videoEncoding,Demo video encoding failed.,演示视频编码失败。,デモ動画のエンコードに失敗しました。,데모 동영상 인코딩에 실패했습니다.
error.videoAssetsNotReady,The scene images are not ready for video export.,场景图像尚未准备好，无法导出视频。,動画を書き出すためのシーン画像が準備できていません。,동영상 내보내기에 필요한 장면 이미지가 준비되지 않았습니다.
error.videoEmpty,The video encoder produced an empty file.,视频编码器生成了空文件。,動画エンコーダーが空のファイルを生成しました。,동영상 인코더가 빈 파일을 만들었습니다.
error.pngExport,PNG export failed.,PNG 导出失败。,PNG の書き出しに失敗しました。,PNG 내보내기에 실패했습니다.
error.waitForImages,Wait for the scene images to finish loading.,请等待场景图像加载完成。,シーン画像の読み込みが完了するまでお待ちください。,장면 이미지 로딩이 끝날 때까지 기다리세요.
error.compositionNotReady,The full scene composition is not ready.,完整场景合成画面尚未就绪。,シーン全体のコンポジションが準備できていません。,전체 장면 컴포지션이 준비되지 않았습니다.
error.compositionEncoding,The composition could not be encoded.,无法编码合成画面。,コンポジションをエンコードできませんでした。,컴포지션을 인코딩하지 못했습니다.
error.chooseMask,Choose a mask before applying brush changes.,应用画笔更改前请选择蒙版。,ブラシ変更を適用する前にマスクを選択してください。,브러시 변경 사항을 적용하기 전에 마스크를 선택하세요.
error.editableMaskLoad,Could not load the editable mask.,无法加载可编辑蒙版。,編集可能なマスクを読み込めませんでした。,편집 가능한 마스크를 불러오지 못했습니다.
error.prepareMaskEditor,Could not prepare the mask editor.,无法准备蒙版编辑器。,マスクエディターを準備できませんでした。,마스크 편집기를 준비하지 못했습니다.
error.maskEditingUnavailable,Mask editing is unavailable in this renderer.,此渲染器无法进行蒙版编辑。,このレンダラーではマスクを編集できません。,이 렌더러에서는 마스크 편집을 사용할 수 없습니다.
error.waitMask,Wait for the mask to finish loading.,请等待蒙版加载完成。,マスクの読み込みが完了するまでお待ちください。,마스크 로딩이 끝날 때까지 기다리세요.
error.maskExportUnavailable,Mask export is unavailable in this renderer.,此渲染器无法导出蒙版。,このレンダラーではマスクを書き出せません。,이 렌더러에서는 마스크 내보내기를 사용할 수 없습니다.
error.maskEncoding,The edited mask could not be encoded.,无法编码编辑后的蒙版。,編集したマスクをエンコードできませんでした。,편집한 마스크를 인코딩하지 못했습니다.
error.processingNoResult,Local processing completed without a project result.,本地处理已完成，但没有返回项目结果。,ローカル処理は完了しましたが、プロジェクト結果がありません。,로컬 처리가 완료되었지만 프로젝트 결과가 없습니다.
error.http,Local service failed with HTTP {{status}}.,本地服务失败，HTTP 状态码为 {{status}}。,ローカルサービスで HTTP {{status}} エラーが発生しました。,로컬 서비스에서 HTTP {{status}} 오류가 발생했습니다.
error.unsupportedImage,"Use PNG, JPEG, or WebP.",请使用 PNG、JPEG 或 WebP。,PNG、JPEG、WebP を使用してください。,"PNG, JPEG 또는 WebP를 사용하세요."
error.imageTooLarge,Images are limited to 40 MB.,图像大小上限为 40 MB。,画像は 40 MB までです。,이미지는 최대 40 MB까지 지원됩니다.
error.decodeFailed,The selected file is not a readable image.,所选文件不是可读取的图像。,選択したファイルは読み取り可能な画像ではありません。,선택한 파일은 읽을 수 있는 이미지가 아닙니다.
error.projectMissing,The project no longer exists.,项目已不存在。,プロジェクトは存在しません。,프로젝트가 더 이상 존재하지 않습니다.
error.jobMissing,The processing job no longer exists.,处理任务已不存在。,処理ジョブは存在しません。,처리 작업이 더 이상 존재하지 않습니다.
error.assetMissing,The project asset does not exist.,项目资源不存在。,プロジェクトアセットは存在しません。,프로젝트 에셋이 존재하지 않습니다.
error.projectTooLarge,Project packages are limited to 512 MB.,项目包大小上限为 512 MB。,プロジェクトパッケージは 512 MB までです。,프로젝트 패키지는 최대 512 MB까지 지원됩니다.
error.aiStackMissing,"The local AI stack is not installed. Run scripts/setup-ai.ps1, then restart Stereovisor.",本地 AI 堆栈尚未安装。请运行 scripts/setup-ai.ps1，然后重启 Stereovisor。,ローカル AI スタックがインストールされていません。scripts/setup-ai.ps1 を実行して Stereovisor を再起動してください。,로컬 AI 스택이 설치되지 않았습니다. scripts/setup-ai.ps1을 실행한 다음 Stereovisor를 다시 시작하세요.
native.fileMenu,File,文件,ファイル,파일
native.editMenu,Edit,编辑,編集,편집
native.view,View,视图,表示,보기
native.helpMenu,Help,帮助,ヘルプ,도움말
native.options,Options...,选项...,オプション...,옵션...
native.about,About Stereovisor,关于 Stereovisor,Stereovisor について,Stereovisor 정보
native.aboutVersion,Version,版本,バージョン,버전
native.aboutDescription,Local-first image-to-parallax desktop studio.,本地优先的图像转视差桌面工作室。,ローカル優先の画像から視差を作成するデスクトップスタジオ。,로컬 우선 이미지-패럴랙스 데스크톱 스튜디오.
native.ok,OK,确定,OK,확인
native.exit,Exit,退出,終了,종료
native.undo,Undo,撤销,元に戻す,실행 취소
native.redo,Redo,重做,やり直す,다시 실행
native.cut,Cut,剪切,切り取り,잘라내기
native.copy,Copy,复制,コピー,복사
native.paste,Paste,粘贴,貼り付け,붙여넣기
native.selectAll,Select All,全选,すべて選択,모두 선택
native.reload,Reload,重新加载,再読み込み,새로 고침
native.forceReload,Force Reload,强制重新加载,強制再読み込み,강제 새로 고침
native.toggleDevTools,Toggle Developer Tools,切换开发者工具,開発者ツールを切り替え,개발자 도구 전환
native.resetZoom,Reset Zoom,重置缩放,ズームをリセット,확대/축소 재설정
native.zoomIn,Zoom In,放大,ズームイン,확대
native.zoomOut,Zoom Out,缩小,ズームアウト,축소
native.toggleFullscreen,Toggle Full Screen,切换全屏,フルスクリーン切り替え,전체 화면 전환
native.pngImage,PNG image,PNG 图像,PNG 画像,PNG 이미지
native.project,Stereovisor project,Stereovisor 项目,Stereovisor プロジェクト,Stereovisor 프로젝트
native.mp4Video,MP4 video,MP4 视频,MP4 動画,MP4 동영상
native.webmVideo,WebM video,WebM 视频,WebM 動画,WebM 동영상
native.onlyPng,Only PNG export is supported,仅支持导出 PNG,PNG の書き出しのみ対応しています,PNG 내보내기만 지원됩니다
native.emptyExport,The exported file is empty,导出的文件为空,書き出されたファイルが空です,내보낸 파일이 비어 있습니다
native.projectTooLarge,Project packages are limited to 512 MB,项目包大小上限为 512 MB,プロジェクトパッケージは 512 MB までです,프로젝트 패키지는 최대 512 MB까지 지원됩니다
